{"rmse": 0.9665840551849838, "mean": 0.8775671545591551, "median": 0.9550633400904374, "std": 0.40516740364545, "min": 0.02175345771816032, "max": 1.4774711130627398, "sse": 86.88848042361985}